{
  "$schema": "https://json-schema.org/draft/2020-12/schema",
  "$id": "https://vibeflow.dev/schemas/mcp-tool-v1.json",
  "type": "object",
  "required": [
    "name",
    "description",
    "inputs",
    "outputs"
  ],
  "properties": {
    "name": {
      "type": "string"
    },
    "description": {
      "type": "string"
    },
    "inputs": {
      "type": "object"
    },
    "outputs": {
      "type": "object"
    },
    "policy_flags": {
      "type": "array",
      "items": {
        "type": "string"
      }
    }
  }
}
